length_bucket,examples,auto_mean_time_seconds,int8_mean_time_seconds,mean_int8_time_change_percent,auto_mean_total_tokens_per_second,int8_mean_total_tokens_per_second,auto_mean_output_tokens,int8_mean_output_tokens
0-2K,2,1.5993344999999999,1.720723,10.929535788809057,1362.7667999999999,1213.3872000000001,34.5,40.0
2K-4K,48,1.9266905833333334,1.7815007291666667,-2.81693824768186,1833.10763125,1911.4260583333332,30.958333333333332,29.041666666666668
4K-8K,142,3.7039130281690142,3.6812306901408456,0.04295496811736274,1651.3804971830987,1669.3639845070422,28.345070422535212,31.14788732394366
8K-16K,18,9.505565333333333,9.235610388888889,-2.730975539394427,1146.7112111111112,1178.6826166666667,19.555555555555557,17.72222222222222
16K-32K,14,29.887629714285715,29.905341214285716,0.10630167837995574,656.7167142857143,656.6345857142858,34.714285714285715,49.0
