length_bucket,examples,mean_prompt_tokens,auto_mean_f1,int8_mean_f1,mean_f1_change,median_f1_change,improved_examples,degraded_examples,severe_drops_20
0-2K,2,2002.5,0.0,0.0,0.0,0.0,0,0,0
2K-4K,48,3077.5,30.891234630928448,29.877203190612207,-1.014031440316239,0.0,9,14,4
4K-8K,142,5757.105633802817,30.33019762943099,26.80301322052033,-3.5271844089106605,0.0,29,53,12
8K-16K,18,10586.055555555555,26.46164022802817,24.09092664642054,-2.3707135816076286,0.0,3,5,2
16K-32K,14,19369.428571428572,18.607863001659997,15.273424149125235,-3.334438852534759,-1.245421245421248,2,8,1
